时间,关键词,热度,排名
2025-05-19T17:09:55.012296,3nm,1888738,1
2025-05-19T17:09:55.012304,陈奕迅微博在线,1167671,2
2025-05-19T17:09:55.012306,4月国民经济顶住压力稳定增长,1047162,3
2025-05-19T17:09:55.012307,vivo S30 Pro mini,997018,3
2025-05-19T17:09:55.012309,消失3个月瘦了40斤妈妈的反应,976536,4
2025-05-19T17:09:55.012310,工资5000 情绪管理,679517,5
2025-05-19T17:09:55.012312,年轻人最不缺的结婚条件被取消后,623216,6
2025-05-19T17:09:55.012313,如何辨别AI生成的图文音,619060,6
2025-05-19T17:09:55.012314,造谣陈奕迅去世博主曾造谣成龙去世,611981,7
2025-05-19T17:09:55.012316,鸿蒙电脑,587514,8
2025-05-19T17:09:55.012317,原来奚梦瑶每天在家判案,488529,9
2025-05-19T17:09:55.012319,河南人又遭大旱,483995,10
2025-05-19T17:09:55.012320,泰国DJ与毒枭老大女友有染遭枪杀,483138,11
2025-05-19T17:09:55.012321,nova14首次搭载旗舰级红枫人像,474918,12
2025-05-19T17:09:55.012323,金靖夸的是迪丽热巴点的是张凌赫,470696,13
2025-05-19T17:09:55.012324,柏浪涛 是时候该考虑隐退了,463543,14
2025-05-19T17:09:55.012325,人民网评种地吧为何受关注,460836,15
2025-05-19T17:09:55.012327,520重庆成了肖战痛城,451942,16
2025-05-19T17:09:55.012328,nova14含金量,448733,17
2025-05-19T17:09:55.012330,不同家居用品需多久换一次,444165,18
2025-05-19T17:09:55.012331,王楚钦vs饭冢,440940,19
2025-05-19T17:09:55.012332,肖战擦汗这20秒我将反复看,436121,20
2025-05-19T17:09:55.012334,马吟吟 拉票,403898,21
2025-05-19T17:09:55.012335,雷军回应小米黑公关案件,397285,22
2025-05-19T17:09:55.012336,华为发布会,244498,23
2025-05-19T17:09:55.012338,藏海魏无羡时候,233818,24
2025-05-19T17:09:55.012339,海关在卫生巾里查获2003粒钻石,222406,25
2025-05-19T17:09:55.012340,辽宁鞍山22年前父子遇害案侦破,204089,26
2025-05-19T17:09:55.012342,惠英红张百乔演家暴 真上手打,197268,27
2025-05-19T17:09:55.012345,nova14首发趣味魔法移图,187146,28
2025-05-19T17:09:55.012346,黄觉说我是皮筋猴,186598,29
2025-05-19T17:09:55.012347,多地早已叫停扶梯左行右立,186528,30
2025-05-19T17:09:55.012349,岩羊在攀岩方面强得可怕,181174,31
2025-05-19T17:09:55.012350,日照海域再刷火箭,177776,32
2025-05-19T17:09:55.012353,文旅新玩法持续激发消费新活力,173948,33
2025-05-19T17:09:55.012354,山东一村委发文禁止居民养猫狗,171753,34
2025-05-19T17:09:55.012355,外交部回应了一个好消息,170755,35
2025-05-19T17:09:55.012357,以前的奶茶 30块,169142,36
2025-05-19T17:09:55.012358,nova14搭载行业最强双卫星通信,167489,37
2025-05-19T17:09:55.012359,华为手表首发水上运动轨迹,166644,38
2025-05-19T17:09:55.012361,演员隋永清去世,165874,39
2025-05-19T17:09:55.012362,不要别人问什么你就答什么,164334,40
2025-05-19T17:09:55.012363,如何通过小猫的行为判断它们的性格,163736,41
2025-05-19T17:09:55.012365,拜登癌细胞扩散至骨骼,163514,42
2025-05-19T17:09:55.012366,王者荣耀520,162280,43
2025-05-19T17:09:55.012367,陈奕迅何以被编排成全网悼念的荒诞剧,155903,44
2025-05-19T17:09:55.012369,美的做了十几万字的研究小米报告,155646,45
2025-05-19T17:09:55.012370,桃花坞,154460,46
2025-05-19T17:09:55.012371,小米YU7,152624,47
2025-05-19T17:09:55.012373,17岁女孩失踪39天警方立为拐卖儿童案,150394,48
2025-05-19T17:09:55.012374,idle新专辑发布会,147878,49
2025-05-19T17:09:55.012375,云合,145748,50
